Key_Sequences_0,Key_Sequences_1,Key_Sequences_2,Key_Sequences_3,Key_Sequences_4,Key_Sequences_5,Key_Sequences_6,Key_Sequences_7,Key_Sequences_8,Key_Sequences_9,Key_Sequences_10,Key_Sequences_11,Key_Sequences_12,Key_Sequences_13,Key_Sequences_14,Key_Sequences_15,Key_Sequences_16,Key_Sequences_17,Key_Sequences_18,Key_Sequences_19,Key_Sequences_20,Key_Sequences_21,Key_Sequences_22,Key_Sequences_23,Key_Sequences_24,Key_Sequences_25,Key_Sequences_26,Key_Sequences_27,Key_Sequences_28,Key_Sequences_29,Key_Sequences_30,Key_Sequences_31,Key_Sequences_32,Key_Sequences_33,Key_Sequences_34,Key_Sequences_35,Key_Sequences_36,Key_Sequences_37,Key_Sequences_38,Key_Sequences_39,Key_Sequences_40,Key_Sequences_41,Key_Sequences_42,Key_Sequences_43,Key_Sequences_44,Key_Sequences_45,Key_Sequences_46,Key_Sequences_47,Key_Sequences_48,Key_Sequences_49,Key_Sequences_50,Key_Sequences_51,Key_Sequences_52,Key_Sequences_53,Key_Sequences_54,Key_Sequences_55,Key_Sequences_56,Key_Sequences_57,Key_Sequences_58,Key_Sequences_59,Key_Sequences_60,Key_Sequences_61,Key_Sequences_62,Key_Sequences_63,Key_Sequences_64,Key_Sequences_65,Key_Sequences_66,Key_Sequences_67,Key_Sequences_68,Key_Sequences_69,Key_Sequences_70,Key_Sequences_71,Key_Sequences_72,Key_Sequences_73,Key_Sequences_74,Key_Sequences_75,Key_Sequences_76,Key_Sequences_77,Key_Sequences_78,Key_Sequences_79,Key_Sequences_80,Key_Sequences_81,Key_Sequences_82,Key_Sequences_83,Key_Sequences_84,Key_Sequences_85,Key_Sequences_86,Key_Sequences_87,Key_Sequences_88,Key_Sequences_89,Key_Sequences_90,Key_Sequences_91,Key_Sequences_92,Key_Sequences_93,Key_Sequences_94,Key_Sequences_95,Key_Sequences_96,Key_Sequences_97,Key_Sequences_98,Key_Sequences_99
Q,W,E,R,T,Y,Q,W,E,R,T,Y,Q,W,E,R,T,Y,Q,W,E,R,T,Y,Q,W,E,R,T,Y,Q,W,E,R,T,Y,Q,W,E,R,T,Y,Q,W,E,R,T,Y,Q,W,E,R,T,Y,Q,W,E,R,T,Y,Q,W,E,R,T,Y,Q,W,E,R,T,Y,Q,W,E,R,T,Y,Q,W,E,R,T,Y,Q,W,E,R,T,Y,Q,W,E,R,T,Y,Q,W,E,R
T,Y,Q,W,E,R,T,Y,Q,W,E,R,T,Y,Q,W,E,R,T,Y,Q,W,E,R,T,Y,Q,W,E,R,T,Y,Q,W,E,R,T,Y,Q,W,E,R,T,Y,Q,W,E,R,T,Y,Q,W,E,R,T,Y,Q,W,E,R,T,Y,Q,W,E,R,T,Y,Q,W,E,R,T,Y,Q,W,E,R,T,Y,Q,W,E,R,T,Y,Q,W,E,R,T,Y,Q,W,E,R,T,Y,Q,W
Q,W,E,R,T,Y,Q,W,E,R,T,Y,Q,W,E,R,T,Y,Q,W,E,R,T,Y,Q,W,E,R,T,Y,Q,W,E,R,T,Y,Q,W,E,R,T,Y,Q,W,E,R,T,Y,Q,W,E,R,T,Y,Q,W,E,R,T,Y,Q,W,E,R,T,Y,Q,W,E,R,T,Y,Q,W,E,R,T,Y,Q,W,E,R,T,Y,Q,W,E,R,T,Y,Q,W,E,R,T,Y,Q,W,E,R
Q,W,E,R,T,Y,Q,W,E,R,T,Y,Q,W,E,R,T,Y,Q,W,E,R,T,Y,Q,W,E,R,T,Y,Q,W,E,R,T,Y,Q,W,E,R,T,Y,Q,W,E,R,T,Y,Q,W,E,R,T,Y,Q,W,E,R,T,Y,Q,W,E,R,T,Y,Q,W,E,R,T,Y,Q,W,E,R,T,Y,Q,W,E,R,T,Y,Q,W,E,R,T,Y,Q,W,E,R,T,Y,Q,W,E,R
Q,W,E,R,T,Y,Q,W,E,R,T,Y,Q,W,E,R,T,Y,Q,W,E,R,T,Y,Q,W,E,R,T,Y,Q,W,E,R,T,Y,Q,W,E,R,T,Y,Q,W,E,R,T,Y,Q,W,E,R,T,Y,Q,W,E,R,T,Y,Q,W,E,R,T,Y,Q,W,E,R,T,Y,Q,W,E,R,T,Y,Q,W,E,R,T,Y,Q,W,E,R,T,Y,Q,W,E,R,T,Y,Q,W,E,R
W,E,R,T,Y,Q,W,E,R,T,Y,Q,W,E,R,T,Y,Q,W,E,R,T,Y,Q,W,E,R,T,Y,Q,W,E,R,T,Y,Q,W,E,R,T,Y,Q,W,E,R,T,Y,Q,W,E,R,T,Y,Q,W,E,R,T,Y,Q,W,E,R,T,Y,Q,W,E,R,T,Y,Q,W,E,R,T,Y,Q,W,E,R,T,Y,Q,W,E,R,T,Y,Q,W,E,R,T,Y,Q,W,E,R,T
Q,W,E,R,T,Y,Q,W,E,R,T,Y,Q,W,E,R,T,Y,Q,W,E,R,T,Y,Q,W,E,R,T,Y,Q,W,E,R,T,Y,Q,W,E,R,T,Y,Q,W,E,R,T,Y,Q,W,E,R,T,Y,Q,W,E,R,T,Y,Q,W,E,R,T,Y,Q,W,E,R,T,Y,Q,W,E,R,T,Y,Q,W,E,R,T,Y,Q,W,E,R,T,Y,Q,W,E,R,T,Y,Q,W,E,R
W,E,R,T,Y,Q,W,E,R,T,Y,Q,W,E,R,T,Y,Q,W,E,R,T,Y,Q,W,E,R,T,Y,Q,W,E,R,T,Y,Q,W,E,R,T,Y,Q,W,E,R,T,Y,Q,W,E,R,T,Y,Q,W,E,R,T,Y,Q,W,E,R,T,Y,Q,W,E,R,T,Y,Q,W,E,R,T,Y,Q,W,E,R,T,Y,Q,W,E,R,T,Y,Q,W,E,R,T,Y,Q,W,E,R,T
Q,W,E,R,T,Y,Q,W,E,R,T,Y,Q,W,E,R,T,Y,Q,W,E,R,T,Y,Q,W,E,R,T,Y,Q,W,E,R,T,Y,Q,W,E,R,T,Y,Q,W,E,R,T,Y,Q,W,E,R,T,Y,Q,W,E,R,T,Y,Q,W,E,R,T,Y,Q,W,E,R,T,Y,Q,W,E,R,T,Y,Q,W,E,R,T,Y,Q,W,E,R,T,Y,Q,W,E,R,T,Y,Q,W,E,R
R,T,Y,Q,W,E,R,T,Y,Q,W,E,R,T,Y,Q,W,E,R,T,Y,Q,W,E,R,T,Y,Q,W,E,R,T,Y,Q,W,E,R,T,Y,Q,W,E,R,T,Y,Q,W,E,R,T,Y,Q,W,E,R,T,Y,Q,W,E,R,T,Y,Q,W,E,R,T,Y,Q,W,E,R,T,Y,Q,W,E,R,T,Y,Q,W,E,R,T,Y,Q,W,E,R,T,Y,Q,W,E,R,T,Y,Q
Q,W,E,R,T,Y,Q,W,E,R,T,Y,Q,W,E,R,T,Y,Q,W,E,R,T,Y,Q,W,E,R,T,Y,Q,W,E,R,T,Y,Q,W,E,R,T,Y,Q,W,E,R,T,Y,Q,W,E,R,T,Y,Q,W,E,R,T,Y,Q,W,E,R,T,Y,Q,W,E,R,T,Y,Q,W,E,R,T,Y,Q,W,E,R,T,Y,Q,W,E,R,T,Y,Q,W,E,R,T,Y,Q,W,E,R
R,T,Y,Q,W,E,R,T,Y,Q,W,E,R,T,Y,Q,W,E,R,T,Y,Q,W,E,R,T,Y,Q,W,E,R,T,Y,Q,W,E,R,T,Y,Q,W,E,R,T,Y,Q,W,E,R,T,Y,Q,W,E,R,T,Y,Q,W,E,R,T,Y,Q,W,E,R,T,Y,Q,W,E,R,T,Y,Q,W,E,R,T,Y,Q,W,E,R,T,Y,Q,W,E,R,T,Y,Q,W,E,R,T,Y,Q
Q,W,E,R,T,Y,Q,W,E,R,T,Y,Q,W,E,R,T,Y,Q,W,E,R,T,Y,Q,W,E,R,T,Y,Q,W,E,R,T,Y,Q,W,E,R,T,Y,Q,W,E,R,T,Y,Q,W,E,R,T,Y,Q,W,E,R,T,Y,Q,W,E,R,T,Y,Q,W,E,R,T,Y,Q,W,E,R,T,Y,Q,W,E,R,T,Y,Q,W,E,R,T,Y,Q,W,E,R,T,Y,Q,W,E,R
T,Y,Q,W,E,R,T,Y,Q,W,E,R,T,Y,Q,W,E,R,T,Y,Q,W,E,R,T,Y,Q,W,E,R,T,Y,Q,W,E,R,T,Y,Q,W,E,R,T,Y,Q,W,E,R,T,Y,Q,W,E,R,T,Y,Q,W,E,R,T,Y,Q,W,E,R,T,Y,Q,W,E,R,T,Y,Q,W,E,R,T,Y,Q,W,E,R,T,Y,Q,W,E,R,T,Y,Q,W,E,R,T,Y,Q,W
Q,W,E,R,T,Y,Q,W,E,R,T,Y,Q,W,E,R,T,Y,Q,W,E,R,T,Y,Q,W,E,R,T,Y,Q,W,E,R,T,Y,Q,W,E,R,T,Y,Q,W,E,R,T,Y,Q,W,E,R,T,Y,Q,W,E,R,T,Y,Q,W,E,R,T,Y,Q,W,E,R,T,Y,Q,W,E,R,T,Y,Q,W,E,R,T,Y,Q,W,E,R,T,Y,Q,W,E,R,T,Y,Q,W,E,R
Y,Q,W,E,R,T,Y,Q,W,E,R,T,Y,Q,W,E,R,T,Y,Q,W,E,R,T,Y,Q,W,E,R,T,Y,Q,W,E,R,T,Y,Q,W,E,R,T,Y,Q,W,E,R,T,Y,Q,W,E,R,T,Y,Q,W,E,R,T,Y,Q,W,E,R,T,Y,Q,W,E,R,T,Y,Q,W,E,R,T,Y,Q,W,E,R,T,Y,Q,W,E,R,T,Y,Q,W,E,R,T,Y,Q,W,E
Q,W,E,R,T,Y,Q,W,E,R,T,Y,Q,W,E,R,T,Y,Q,W,E,R,T,Y,Q,W,E,R,T,Y,Q,W,E,R,T,Y,Q,W,E,R,T,Y,Q,W,E,R,T,Y,Q,W,E,R,T,Y,Q,W,E,R,T,Y,Q,W,E,R,T,Y,Q,W,E,R,T,Y,Q,W,E,R,T,Y,Q,W,E,R,T,Y,Q,W,E,R,T,Y,Q,W,E,R,T,Y,Q,W,E,R
Q,W,E,R,T,Y,Q,W,E,R,T,Y,Q,W,E,R,T,Y,Q,W,E,R,T,Y,Q,W,E,R,T,Y,Q,W,E,R,T,Y,Q,W,E,R,T,Y,Q,W,E,R,T,Y,Q,W,E,R,T,Y,Q,W,E,R,T,Y,Q,W,E,R,T,Y,Q,W,E,R,T,Y,Q,W,E,R,T,Y,Q,W,E,R,T,Y,Q,W,E,R,T,Y,Q,W,E,R,T,Y,Q,W,E,R
Q,W,E,R,T,Y,Q,W,E,R,T,Y,Q,W,E,R,T,Y,Q,W,E,R,T,Y,Q,W,E,R,T,Y,Q,W,E,R,T,Y,Q,W,E,R,T,Y,Q,W,E,R,T,Y,Q,W,E,R,T,Y,Q,W,E,R,T,Y,Q,W,E,R,T,Y,Q,W,E,R,T,Y,Q,W,E,R,T,Y,Q,W,E,R,T,Y,Q,W,E,R,T,Y,Q,W,E,R,T,Y,Q,W,E,R
T,Y,Q,W,E,R,T,Y,Q,W,E,R,T,Y,Q,W,E,R,T,Y,Q,W,E,R,T,Y,Q,W,E,R,T,Y,Q,W,E,R,T,Y,Q,W,E,R,T,Y,Q,W,E,R,T,Y,Q,W,E,R,T,Y,Q,W,E,R,T,Y,Q,W,E,R,T,Y,Q,W,E,R,T,Y,Q,W,E,R,T,Y,Q,W,E,R,T,Y,Q,W,E,R,T,Y,Q,W,E,R,T,Y,Q,W
Q,W,E,R,T,Y,Q,W,E,R,T,Y,Q,W,E,R,T,Y,Q,W,E,R,T,Y,Q,W,E,R,T,Y,Q,W,E,R,T,Y,Q,W,E,R,T,Y,Q,W,E,R,T,Y,Q,W,E,R,T,Y,Q,W,E,R,T,Y,Q,W,E,R,T,Y,Q,W,E,R,T,Y,Q,W,E,R,T,Y,Q,W,E,R,T,Y,Q,W,E,R,T,Y,Q,W,E,R,T,Y,Q,W,E,R
E,R,T,Y,Q,W,E,R,T,Y,Q,W,E,R,T,Y,Q,W,E,R,T,Y,Q,W,E,R,T,Y,Q,W,E,R,T,Y,Q,W,E,R,T,Y,Q,W,E,R,T,Y,Q,W,E,R,T,Y,Q,W,E,R,T,Y,Q,W,E,R,T,Y,Q,W,E,R,T,Y,Q,W,E,R,T,Y,Q,W,E,R,T,Y,Q,W,E,R,T,Y,Q,W,E,R,T,Y,Q,W,E,R,T,Y
Q,W,E,R,T,Y,Q,W,E,R,T,Y,Q,W,E,R,T,Y,Q,W,E,R,T,Y,Q,W,E,R,T,Y,Q,W,E,R,T,Y,Q,W,E,R,T,Y,Q,W,E,R,T,Y,Q,W,E,R,T,Y,Q,W,E,R,T,Y,Q,W,E,R,T,Y,Q,W,E,R,T,Y,Q,W,E,R,T,Y,Q,W,E,R,T,Y,Q,W,E,R,T,Y,Q,W,E,R,T,Y,Q,W,E,R
W,E,R,T,Y,Q,W,E,R,T,Y,Q,W,E,R,T,Y,Q,W,E,R,T,Y,Q,W,E,R,T,Y,Q,W,E,R,T,Y,Q,W,E,R,T,Y,Q,W,E,R,T,Y,Q,W,E,R,T,Y,Q,W,E,R,T,Y,Q,W,E,R,T,Y,Q,W,E,R,T,Y,Q,W,E,R,T,Y,Q,W,E,R,T,Y,Q,W,E,R,T,Y,Q,W,E,R,T,Y,Q,W,E,R,T
Q,W,E,R,T,Y,Q,W,E,R,T,Y,Q,W,E,R,T,Y,Q,W,E,R,T,Y,Q,W,E,R,T,Y,Q,W,E,R,T,Y,Q,W,E,R,T,Y,Q,W,E,R,T,Y,Q,W,E,R,T,Y,Q,W,E,R,T,Y,Q,W,E,R,T,Y,Q,W,E,R,T,Y,Q,W,E,R,T,Y,Q,W,E,R,T,Y,Q,W,E,R,T,Y,Q,W,E,R,T,Y,Q,W,E,R
R,T,Y,Q,W,E,R,T,Y,Q,W,E,R,T,Y,Q,W,E,R,T,Y,Q,W,E,R,T,Y,Q,W,E,R,T,Y,Q,W,E,R,T,Y,Q,W,E,R,T,Y,Q,W,E,R,T,Y,Q,W,E,R,T,Y,Q,W,E,R,T,Y,Q,W,E,R,T,Y,Q,W,E,R,T,Y,Q,W,E,R,T,Y,Q,W,E,R,T,Y,Q,W,E,R,T,Y,Q,W,E,R,T,Y,Q
Q,W,E,R,T,Y,Q,W,E,R,T,Y,Q,W,E,R,T,Y,Q,W,E,R,T,Y,Q,W,E,R,T,Y,Q,W,E,R,T,Y,Q,W,E,R,T,Y,Q,W,E,R,T,Y,Q,W,E,R,T,Y,Q,W,E,R,T,Y,Q,W,E,R,T,Y,Q,W,E,R,T,Y,Q,W,E,R,T,Y,Q,W,E,R,T,Y,Q,W,E,R,T,Y,Q,W,E,R,T,Y,Q,W,E,R
R,T,Y,Q,W,E,R,T,Y,Q,W,E,R,T,Y,Q,W,E,R,T,Y,Q,W,E,R,T,Y,Q,W,E,R,T,Y,Q,W,E,R,T,Y,Q,W,E,R,T,Y,Q,W,E,R,T,Y,Q,W,E,R,T,Y,Q,W,E,R,T,Y,Q,W,E,R,T,Y,Q,W,E,R,T,Y,Q,W,E,R,T,Y,Q,W,E,R,T,Y,Q,W,E,R,T,Y,Q,W,E,R,T,Y,Q
Q,W,E,R,T,Y,Q,W,E,R,T,Y,Q,W,E,R,T,Y,Q,W,E,R,T,Y,Q,W,E,R,T,Y,Q,W,E,R,T,Y,Q,W,E,R,T,Y,Q,W,E,R,T,Y,Q,W,E,R,T,Y,Q,W,E,R,T,Y,Q,W,E,R,T,Y,Q,W,E,R,T,Y,Q,W,E,R,T,Y,Q,W,E,R,T,Y,Q,W,E,R,T,Y,Q,W,E,R,T,Y,Q,W,E,R
T,Y,Q,W,E,R,T,Y,Q,W,E,R,T,Y,Q,W,E,R,T,Y,Q,W,E,R,T,Y,Q,W,E,R,T,Y,Q,W,E,R,T,Y,Q,W,E,R,T,Y,Q,W,E,R,T,Y,Q,W,E,R,T,Y,Q,W,E,R,T,Y,Q,W,E,R,T,Y,Q,W,E,R,T,Y,Q,W,E,R,T,Y,Q,W,E,R,T,Y,Q,W,E,R,T,Y,Q,W,E,R,T,Y,Q,W
Q,W,E,R,T,Y,Q,W,E,R,T,Y,Q,W,E,R,T,Y,Q,W,E,R,T,Y,Q,W,E,R,T,Y,Q,W,E,R,T,Y,Q,W,E,R,T,Y,Q,W,E,R,T,Y,Q,W,E,R,T,Y,Q,W,E,R,T,Y,Q,W,E,R,T,Y,Q,W,E,R,T,Y,Q,W,E,R,T,Y,Q,W,E,R,T,Y,Q,W,E,R,T,Y,Q,W,E,R,T,Y,Q,W,E,R
R,T,Y,Q,W,E,R,T,Y,Q,W,E,R,T,Y,Q,W,E,R,T,Y,Q,W,E,R,T,Y,Q,W,E,R,T,Y,Q,W,E,R,T,Y,Q,W,E,R,T,Y,Q,W,E,R,T,Y,Q,W,E,R,T,Y,Q,W,E,R,T,Y,Q,W,E,R,T,Y,Q,W,E,R,T,Y,Q,W,E,R,T,Y,Q,W,E,R,T,Y,Q,W,E,R,T,Y,Q,W,E,R,T,Y,Q
Q,W,E,R,T,Y,Q,W,E,R,T,Y,Q,W,E,R,T,Y,Q,W,E,R,T,Y,Q,W,E,R,T,Y,Q,W,E,R,T,Y,Q,W,E,R,T,Y,Q,W,E,R,T,Y,Q,W,E,R,T,Y,Q,W,E,R,T,Y,Q,W,E,R,T,Y,Q,W,E,R,T,Y,Q,W,E,R,T,Y,Q,W,E,R,T,Y,Q,W,E,R,T,Y,Q,W,E,R,T,Y,Q,W,E,R
W,E,R,T,Y,Q,W,E,R,T,Y,Q,W,E,R,T,Y,Q,W,E,R,T,Y,Q,W,E,R,T,Y,Q,W,E,R,T,Y,Q,W,E,R,T,Y,Q,W,E,R,T,Y,Q,W,E,R,T,Y,Q,W,E,R,T,Y,Q,W,E,R,T,Y,Q,W,E,R,T,Y,Q,W,E,R,T,Y,Q,W,E,R,T,Y,Q,W,E,R,T,Y,Q,W,E,R,T,Y,Q,W,E,R,T
Q,W,E,R,T,Y,Q,W,E,R,T,Y,Q,W,E,R,T,Y,Q,W,E,R,T,Y,Q,W,E,R,T,Y,Q,W,E,R,T,Y,Q,W,E,R,T,Y,Q,W,E,R,T,Y,Q,W,E,R,T,Y,Q,W,E,R,T,Y,Q,W,E,R,T,Y,Q,W,E,R,T,Y,Q,W,E,R,T,Y,Q,W,E,R,T,Y,Q,W,E,R,T,Y,Q,W,E,R,T,Y,Q,W,E,R
E,R,T,Y,Q,W,E,R,T,Y,Q,W,E,R,T,Y,Q,W,E,R,T,Y,Q,W,E,R,T,Y,Q,W,E,R,T,Y,Q,W,E,R,T,Y,Q,W,E,R,T,Y,Q,W,E,R,T,Y,Q,W,E,R,T,Y,Q,W,E,R,T,Y,Q,W,E,R,T,Y,Q,W,E,R,T,Y,Q,W,E,R,T,Y,Q,W,E,R,T,Y,Q,W,E,R,T,Y,Q,W,E,R,T,Y
Q,W,E,R,T,Y,Q,W,E,R,T,Y,Q,W,E,R,T,Y,Q,W,E,R,T,Y,Q,W,E,R,T,Y,Q,W,E,R,T,Y,Q,W,E,R,T,Y,Q,W,E,R,T,Y,Q,W,E,R,T,Y,Q,W,E,R,T,Y,Q,W,E,R,T,Y,Q,W,E,R,T,Y,Q,W,E,R,T,Y,Q,W,E,R,T,Y,Q,W,E,R,T,Y,Q,W,E,R,T,Y,Q,W,E,R
R,T,Y,Q,W,E,R,T,Y,Q,W,E,R,T,Y,Q,W,E,R,T,Y,Q,W,E,R,T,Y,Q,W,E,R,T,Y,Q,W,E,R,T,Y,Q,W,E,R,T,Y,Q,W,E,R,T,Y,Q,W,E,R,T,Y,Q,W,E,R,T,Y,Q,W,E,R,T,Y,Q,W,E,R,T,Y,Q,W,E,R,T,Y,Q,W,E,R,T,Y,Q,W,E,R,T,Y,Q,W,E,R,T,Y,Q
Q,W,E,R,T,Y,Q,W,E,R,T,Y,Q,W,E,R,T,Y,Q,W,E,R,T,Y,Q,W,E,R,T,Y,Q,W,E,R,T,Y,Q,W,E,R,T,Y,Q,W,E,R,T,Y,Q,W,E,R,T,Y,Q,W,E,R,T,Y,Q,W,E,R,T,Y,Q,W,E,R,T,Y,Q,W,E,R,T,Y,Q,W,E,R,T,Y,Q,W,E,R,T,Y,Q,W,E,R,T,Y,Q,W,E,R
Y,Q,W,E,R,T,Y,Q,W,E,R,T,Y,Q,W,E,R,T,Y,Q,W,E,R,T,Y,Q,W,E,R,T,Y,Q,W,E,R,T,Y,Q,W,E,R,T,Y,Q,W,E,R,T,Y,Q,W,E,R,T,Y,Q,W,E,R,T,Y,Q,W,E,R,T,Y,Q,W,E,R,T,Y,Q,W,E,R,T,Y,Q,W,E,R,T,Y,Q,W,E,R,T,Y,Q,W,E,R,T,Y,Q,W,E
Q,W,E,R,T,Y,Q,W,E,R,T,Y,Q,W,E,R,T,Y,Q,W,E,R,T,Y,Q,W,E,R,T,Y,Q,W,E,R,T,Y,Q,W,E,R,T,Y,Q,W,E,R,T,Y,Q,W,E,R,T,Y,Q,W,E,R,T,Y,Q,W,E,R,T,Y,Q,W,E,R,T,Y,Q,W,E,R,T,Y,Q,W,E,R,T,Y,Q,W,E,R,T,Y,Q,W,E,R,T,Y,Q,W,E,R
Q,W,E,R,T,Y,Q,W,E,R,T,Y,Q,W,E,R,T,Y,Q,W,E,R,T,Y,Q,W,E,R,T,Y,Q,W,E,R,T,Y,Q,W,E,R,T,Y,Q,W,E,R,T,Y,Q,W,E,R,T,Y,Q,W,E,R,T,Y,Q,W,E,R,T,Y,Q,W,E,R,T,Y,Q,W,E,R,T,Y,Q,W,E,R,T,Y,Q,W,E,R,T,Y,Q,W,E,R,T,Y,Q,W,E,R
Q,W,E,R,T,Y,Q,W,E,R,T,Y,Q,W,E,R,T,Y,Q,W,E,R,T,Y,Q,W,E,R,T,Y,Q,W,E,R,T,Y,Q,W,E,R,T,Y,Q,W,E,R,T,Y,Q,W,E,R,T,Y,Q,W,E,R,T,Y,Q,W,E,R,T,Y,Q,W,E,R,T,Y,Q,W,E,R,T,Y,Q,W,E,R,T,Y,Q,W,E,R,T,Y,Q,W,E,R,T,Y,Q,W,E,R
R,T,Y,Q,W,E,R,T,Y,Q,W,E,R,T,Y,Q,W,E,R,T,Y,Q,W,E,R,T,Y,Q,W,E,R,T,Y,Q,W,E,R,T,Y,Q,W,E,R,T,Y,Q,W,E,R,T,Y,Q,W,E,R,T,Y,Q,W,E,R,T,Y,Q,W,E,R,T,Y,Q,W,E,R,T,Y,Q,W,E,R,T,Y,Q,W,E,R,T,Y,Q,W,E,R,T,Y,Q,W,E,R,T,Y,Q
Q,W,E,R,T,Y,Q,W,E,R,T,Y,Q,W,E,R,T,Y,Q,W,E,R,T,Y,Q,W,E,R,T,Y,Q,W,E,R,T,Y,Q,W,E,R,T,Y,Q,W,E,R,T,Y,Q,W,E,R,T,Y,Q,W,E,R,T,Y,Q,W,E,R,T,Y,Q,W,E,R,T,Y,Q,W,E,R,T,Y,Q,W,E,R,T,Y,Q,W,E,R,T,Y,Q,W,E,R,T,Y,Q,W,E,R
E,R,T,Y,Q,W,E,R,T,Y,Q,W,E,R,T,Y,Q,W,E,R,T,Y,Q,W,E,R,T,Y,Q,W,E,R,T,Y,Q,W,E,R,T,Y,Q,W,E,R,T,Y,Q,W,E,R,T,Y,Q,W,E,R,T,Y,Q,W,E,R,T,Y,Q,W,E,R,T,Y,Q,W,E,R,T,Y,Q,W,E,R,T,Y,Q,W,E,R,T,Y,Q,W,E,R,T,Y,Q,W,E,R,T,Y
Q,W,E,R,T,Y,Q,W,E,R,T,Y,Q,W,E,R,T,Y,Q,W,E,R,T,Y,Q,W,E,R,T,Y,Q,W,E,R,T,Y,Q,W,E,R,T,Y,Q,W,E,R,T,Y,Q,W,E,R,T,Y,Q,W,E,R,T,Y,Q,W,E,R,T,Y,Q,W,E,R,T,Y,Q,W,E,R,T,Y,Q,W,E,R,T,Y,Q,W,E,R,T,Y,Q,W,E,R,T,Y,Q,W,E,R
R,T,Y,Q,W,E,R,T,Y,Q,W,E,R,T,Y,Q,W,E,R,T,Y,Q,W,E,R,T,Y,Q,W,E,R,T,Y,Q,W,E,R,T,Y,Q,W,E,R,T,Y,Q,W,E,R,T,Y,Q,W,E,R,T,Y,Q,W,E,R,T,Y,Q,W,E,R,T,Y,Q,W,E,R,T,Y,Q,W,E,R,T,Y,Q,W,E,R,T,Y,Q,W,E,R,T,Y,Q,W,E,R,T,Y,Q
Q,W,E,R,T,Y,Q,W,E,R,T,Y,Q,W,E,R,T,Y,Q,W,E,R,T,Y,Q,W,E,R,T,Y,Q,W,E,R,T,Y,Q,W,E,R,T,Y,Q,W,E,R,T,Y,Q,W,E,R,T,Y,Q,W,E,R,T,Y,Q,W,E,R,T,Y,Q,W,E,R,T,Y,Q,W,E,R,T,Y,Q,W,E,R,T,Y,Q,W,E,R,T,Y,Q,W,E,R,T,Y,Q,W,E,R
E,R,T,Y,Q,W,E,R,T,Y,Q,W,E,R,T,Y,Q,W,E,R,T,Y,Q,W,E,R,T,Y,Q,W,E,R,T,Y,Q,W,E,R,T,Y,Q,W,E,R,T,Y,Q,W,E,R,T,Y,Q,W,E,R,T,Y,Q,W,E,R,T,Y,Q,W,E,R,T,Y,Q,W,E,R,T,Y,Q,W,E,R,T,Y,Q,W,E,R,T,Y,Q,W,E,R,T,Y,Q,W,E,R,T,Y
Q,W,E,R,T,Y,Q,W,E,R,T,Y,Q,W,E,R,T,Y,Q,W,E,R,T,Y,Q,W,E,R,T,Y,Q,W,E,R,T,Y,Q,W,E,R,T,Y,Q,W,E,R,T,Y,Q,W,E,R,T,Y,Q,W,E,R,T,Y,Q,W,E,R,T,Y,Q,W,E,R,T,Y,Q,W,E,R,T,Y,Q,W,E,R,T,Y,Q,W,E,R,T,Y,Q,W,E,R,T,Y,Q,W,E,R
R,T,Y,Q,W,E,R,T,Y,Q,W,E,R,T,Y,Q,W,E,R,T,Y,Q,W,E,R,T,Y,Q,W,E,R,T,Y,Q,W,E,R,T,Y,Q,W,E,R,T,Y,Q,W,E,R,T,Y,Q,W,E,R,T,Y,Q,W,E,R,T,Y,Q,W,E,R,T,Y,Q,W,E,R,T,Y,Q,W,E,R,T,Y,Q,W,E,R,T,Y,Q,W,E,R,T,Y,Q,W,E,R,T,Y,Q
Q,W,E,R,T,Y,Q,W,E,R,T,Y,Q,W,E,R,T,Y,Q,W,E,R,T,Y,Q,W,E,R,T,Y,Q,W,E,R,T,Y,Q,W,E,R,T,Y,Q,W,E,R,T,Y,Q,W,E,R,T,Y,Q,W,E,R,T,Y,Q,W,E,R,T,Y,Q,W,E,R,T,Y,Q,W,E,R,T,Y,Q,W,E,R,T,Y,Q,W,E,R,T,Y,Q,W,E,R,T,Y,Q,W,E,R
E,R,T,Y,Q,W,E,R,T,Y,Q,W,E,R,T,Y,Q,W,E,R,T,Y,Q,W,E,R,T,Y,Q,W,E,R,T,Y,Q,W,E,R,T,Y,Q,W,E,R,T,Y,Q,W,E,R,T,Y,Q,W,E,R,T,Y,Q,W,E,R,T,Y,Q,W,E,R,T,Y,Q,W,E,R,T,Y,Q,W,E,R,T,Y,Q,W,E,R,T,Y,Q,W,E,R,T,Y,Q,W,E,R,T,Y
Q,W,E,R,T,Y,Q,W,E,R,T,Y,Q,W,E,R,T,Y,Q,W,E,R,T,Y,Q,W,E,R,T,Y,Q,W,E,R,T,Y,Q,W,E,R,T,Y,Q,W,E,R,T,Y,Q,W,E,R,T,Y,Q,W,E,R,T,Y,Q,W,E,R,T,Y,Q,W,E,R,T,Y,Q,W,E,R,T,Y,Q,W,E,R,T,Y,Q,W,E,R,T,Y,Q,W,E,R,T,Y,Q,W,E,R
E,R,T,Y,Q,W,E,R,T,Y,Q,W,E,R,T,Y,Q,W,E,R,T,Y,Q,W,E,R,T,Y,Q,W,E,R,T,Y,Q,W,E,R,T,Y,Q,W,E,R,T,Y,Q,W,E,R,T,Y,Q,W,E,R,T,Y,Q,W,E,R,T,Y,Q,W,E,R,T,Y,Q,W,E,R,T,Y,Q,W,E,R,T,Y,Q,W,E,R,T,Y,Q,W,E,R,T,Y,Q,W,E,R,T,Y
Q,W,E,R,T,Y,Q,W,E,R,T,Y,Q,W,E,R,T,Y,Q,W,E,R,T,Y,Q,W,E,R,T,Y,Q,W,E,R,T,Y,Q,W,E,R,T,Y,Q,W,E,R,T,Y,Q,W,E,R,T,Y,Q,W,E,R,T,Y,Q,W,E,R,T,Y,Q,W,E,R,T,Y,Q,W,E,R,T,Y,Q,W,E,R,T,Y,Q,W,E,R,T,Y,Q,W,E,R,T,Y,Q,W,E,R
R,T,Y,Q,W,E,R,T,Y,Q,W,E,R,T,Y,Q,W,E,R,T,Y,Q,W,E,R,T,Y,Q,W,E,R,T,Y,Q,W,E,R,T,Y,Q,W,E,R,T,Y,Q,W,E,R,T,Y,Q,W,E,R,T,Y,Q,W,E,R,T,Y,Q,W,E,R,T,Y,Q,W,E,R,T,Y,Q,W,E,R,T,Y,Q,W,E,R,T,Y,Q,W,E,R,T,Y,Q,W,E,R,T,Y,Q
Q,W,E,R,T,Y,Q,W,E,R,T,Y,Q,W,E,R,T,Y,Q,W,E,R,T,Y,Q,W,E,R,T,Y,Q,W,E,R,T,Y,Q,W,E,R,T,Y,Q,W,E,R,T,Y,Q,W,E,R,T,Y,Q,W,E,R,T,Y,Q,W,E,R,T,Y,Q,W,E,R,T,Y,Q,W,E,R,T,Y,Q,W,E,R,T,Y,Q,W,E,R,T,Y,Q,W,E,R,T,Y,Q,W,E,R
W,E,R,T,Y,Q,W,E,R,T,Y,Q,W,E,R,T,Y,Q,W,E,R,T,Y,Q,W,E,R,T,Y,Q,W,E,R,T,Y,Q,W,E,R,T,Y,Q,W,E,R,T,Y,Q,W,E,R,T,Y,Q,W,E,R,T,Y,Q,W,E,R,T,Y,Q,W,E,R,T,Y,Q,W,E,R,T,Y,Q,W,E,R,T,Y,Q,W,E,R,T,Y,Q,W,E,R,T,Y,Q,W,E,R,T
Q,W,E,R,T,Y,Q,W,E,R,T,Y,Q,W,E,R,T,Y,Q,W,E,R,T,Y,Q,W,E,R,T,Y,Q,W,E,R,T,Y,Q,W,E,R,T,Y,Q,W,E,R,T,Y,Q,W,E,R,T,Y,Q,W,E,R,T,Y,Q,W,E,R,T,Y,Q,W,E,R,T,Y,Q,W,E,R,T,Y,Q,W,E,R,T,Y,Q,W,E,R,T,Y,Q,W,E,R,T,Y,Q,W,E,R
Q,W,E,R,T,Y,Q,W,E,R,T,Y,Q,W,E,R,T,Y,Q,W,E,R,T,Y,Q,W,E,R,T,Y,Q,W,E,R,T,Y,Q,W,E,R,T,Y,Q,W,E,R,T,Y,Q,W,E,R,T,Y,Q,W,E,R,T,Y,Q,W,E,R,T,Y,Q,W,E,R,T,Y,Q,W,E,R,T,Y,Q,W,E,R,T,Y,Q,W,E,R,T,Y,Q,W,E,R,T,Y,Q,W,E,R
Q,W,E,R,T,Y,Q,W,E,R,T,Y,Q,W,E,R,T,Y,Q,W,E,R,T,Y,Q,W,E,R,T,Y,Q,W,E,R,T,Y,Q,W,E,R,T,Y,Q,W,E,R,T,Y,Q,W,E,R,T,Y,Q,W,E,R,T,Y,Q,W,E,R,T,Y,Q,W,E,R,T,Y,Q,W,E,R,T,Y,Q,W,E,R,T,Y,Q,W,E,R,T,Y,Q,W,E,R,T,Y,Q,W,E,R
E,R,T,Y,Q,W,E,R,T,Y,Q,W,E,R,T,Y,Q,W,E,R,T,Y,Q,W,E,R,T,Y,Q,W,E,R,T,Y,Q,W,E,R,T,Y,Q,W,E,R,T,Y,Q,W,E,R,T,Y,Q,W,E,R,T,Y,Q,W,E,R,T,Y,Q,W,E,R,T,Y,Q,W,E,R,T,Y,Q,W,E,R,T,Y,Q,W,E,R,T,Y,Q,W,E,R,T,Y,Q,W,E,R,T,Y
Q,W,E,R,T,Y,Q,W,E,R,T,Y,Q,W,E,R,T,Y,Q,W,E,R,T,Y,Q,W,E,R,T,Y,Q,W,E,R,T,Y,Q,W,E,R,T,Y,Q,W,E,R,T,Y,Q,W,E,R,T,Y,Q,W,E,R,T,Y,Q,W,E,R,T,Y,Q,W,E,R,T,Y,Q,W,E,R,T,Y,Q,W,E,R,T,Y,Q,W,E,R,T,Y,Q,W,E,R,T,Y,Q,W,E,R
W,E,R,T,Y,Q,W,E,R,T,Y,Q,W,E,R,T,Y,Q,W,E,R,T,Y,Q,W,E,R,T,Y,Q,W,E,R,T,Y,Q,W,E,R,T,Y,Q,W,E,R,T,Y,Q,W,E,R,T,Y,Q,W,E,R,T,Y,Q,W,E,R,T,Y,Q,W,E,R,T,Y,Q,W,E,R,T,Y,Q,W,E,R,T,Y,Q,W,E,R,T,Y,Q,W,E,R,T,Y,Q,W,E,R,T
Q,W,E,R,T,Y,Q,W,E,R,T,Y,Q,W,E,R,T,Y,Q,W,E,R,T,Y,Q,W,E,R,T,Y,Q,W,E,R,T,Y,Q,W,E,R,T,Y,Q,W,E,R,T,Y,Q,W,E,R,T,Y,Q,W,E,R,T,Y,Q,W,E,R,T,Y,Q,W,E,R,T,Y,Q,W,E,R,T,Y,Q,W,E,R,T,Y,Q,W,E,R,T,Y,Q,W,E,R,T,Y,Q,W,E,R
E,R,T,Y,Q,W,E,R,T,Y,Q,W,E,R,T,Y,Q,W,E,R,T,Y,Q,W,E,R,T,Y,Q,W,E,R,T,Y,Q,W,E,R,T,Y,Q,W,E,R,T,Y,Q,W,E,R,T,Y,Q,W,E,R,T,Y,Q,W,E,R,T,Y,Q,W,E,R,T,Y,Q,W,E,R,T,Y,Q,W,E,R,T,Y,Q,W,E,R,T,Y,Q,W,E,R,T,Y,Q,W,E,R,T,Y
Q,W,E,R,T,Y,Q,W,E,R,T,Y,Q,W,E,R,T,Y,Q,W,E,R,T,Y,Q,W,E,R,T,Y,Q,W,E,R,T,Y,Q,W,E,R,T,Y,Q,W,E,R,T,Y,Q,W,E,R,T,Y,Q,W,E,R,T,Y,Q,W,E,R,T,Y,Q,W,E,R,T,Y,Q,W,E,R,T,Y,Q,W,E,R,T,Y,Q,W,E,R,T,Y,Q,W,E,R,T,Y,Q,W,E,R
W,E,R,T,Y,Q,W,E,R,T,Y,Q,W,E,R,T,Y,Q,W,E,R,T,Y,Q,W,E,R,T,Y,Q,W,E,R,T,Y,Q,W,E,R,T,Y,Q,W,E,R,T,Y,Q,W,E,R,T,Y,Q,W,E,R,T,Y,Q,W,E,R,T,Y,Q,W,E,R,T,Y,Q,W,E,R,T,Y,Q,W,E,R,T,Y,Q,W,E,R,T,Y,Q,W,E,R,T,Y,Q,W,E,R,T
Q,W,E,R,T,Y,Q,W,E,R,T,Y,Q,W,E,R,T,Y,Q,W,E,R,T,Y,Q,W,E,R,T,Y,Q,W,E,R,T,Y,Q,W,E,R,T,Y,Q,W,E,R,T,Y,Q,W,E,R,T,Y,Q,W,E,R,T,Y,Q,W,E,R,T,Y,Q,W,E,R,T,Y,Q,W,E,R,T,Y,Q,W,E,R,T,Y,Q,W,E,R,T,Y,Q,W,E,R,T,Y,Q,W,E,R
Q,W,E,R,T,Y,Q,W,E,R,T,Y,Q,W,E,R,T,Y,Q,W,E,R,T,Y,Q,W,E,R,T,Y,Q,W,E,R,T,Y,Q,W,E,R,T,Y,Q,W,E,R,T,Y,Q,W,E,R,T,Y,Q,W,E,R,T,Y,Q,W,E,R,T,Y,Q,W,E,R,T,Y,Q,W,E,R,T,Y,Q,W,E,R,T,Y,Q,W,E,R,T,Y,Q,W,E,R,T,Y,Q,W,E,R
Q,W,E,R,T,Y,Q,W,E,R,T,Y,Q,W,E,R,T,Y,Q,W,E,R,T,Y,Q,W,E,R,T,Y,Q,W,E,R,T,Y,Q,W,E,R,T,Y,Q,W,E,R,T,Y,Q,W,E,R,T,Y,Q,W,E,R,T,Y,Q,W,E,R,T,Y,Q,W,E,R,T,Y,Q,W,E,R,T,Y,Q,W,E,R,T,Y,Q,W,E,R,T,Y,Q,W,E,R,T,Y,Q,W,E,R
E,R,T,Y,Q,W,E,R,T,Y,Q,W,E,R,T,Y,Q,W,E,R,T,Y,Q,W,E,R,T,Y,Q,W,E,R,T,Y,Q,W,E,R,T,Y,Q,W,E,R,T,Y,Q,W,E,R,T,Y,Q,W,E,R,T,Y,Q,W,E,R,T,Y,Q,W,E,R,T,Y,Q,W,E,R,T,Y,Q,W,E,R,T,Y,Q,W,E,R,T,Y,Q,W,E,R,T,Y,Q,W,E,R,T,Y
Q,W,E,R,T,Y,Q,W,E,R,T,Y,Q,W,E,R,T,Y,Q,W,E,R,T,Y,Q,W,E,R,T,Y,Q,W,E,R,T,Y,Q,W,E,R,T,Y,Q,W,E,R,T,Y,Q,W,E,R,T,Y,Q,W,E,R,T,Y,Q,W,E,R,T,Y,Q,W,E,R,T,Y,Q,W,E,R,T,Y,Q,W,E,R,T,Y,Q,W,E,R,T,Y,Q,W,E,R,T,Y,Q,W,E,R
Q,W,E,R,T,Y,Q,W,E,R,T,Y,Q,W,E,R,T,Y,Q,W,E,R,T,Y,Q,W,E,R,T,Y,Q,W,E,R,T,Y,Q,W,E,R,T,Y,Q,W,E,R,T,Y,Q,W,E,R,T,Y,Q,W,E,R,T,Y,Q,W,E,R,T,Y,Q,W,E,R,T,Y,Q,W,E,R,T,Y,Q,W,E,R,T,Y,Q,W,E,R,T,Y,Q,W,E,R,T,Y,Q,W,E,R
Q,W,E,R,T,Y,Q,W,E,R,T,Y,Q,W,E,R,T,Y,Q,W,E,R,T,Y,Q,W,E,R,T,Y,Q,W,E,R,T,Y,Q,W,E,R,T,Y,Q,W,E,R,T,Y,Q,W,E,R,T,Y,Q,W,E,R,T,Y,Q,W,E,R,T,Y,Q,W,E,R,T,Y,Q,W,E,R,T,Y,Q,W,E,R,T,Y,Q,W,E,R,T,Y,Q,W,E,R,T,Y,Q,W,E,R
Q,W,E,R,T,Y,Q,W,E,R,T,Y,Q,W,E,R,T,Y,Q,W,E,R,T,Y,Q,W,E,R,T,Y,Q,W,E,R,T,Y,Q,W,E,R,T,Y,Q,W,E,R,T,Y,Q,W,E,R,T,Y,Q,W,E,R,T,Y,Q,W,E,R,T,Y,Q,W,E,R,T,Y,Q,W,E,R,T,Y,Q,W,E,R,T,Y,Q,W,E,R,T,Y,Q,W,E,R,T,Y,Q,W,E,R
Q,W,E,R,T,Y,Q,W,E,R,T,Y,Q,W,E,R,T,Y,Q,W,E,R,T,Y,Q,W,E,R,T,Y,Q,W,E,R,T,Y,Q,W,E,R,T,Y,Q,W,E,R,T,Y,Q,W,E,R,T,Y,Q,W,E,R,T,Y,Q,W,E,R,T,Y,Q,W,E,R,T,Y,Q,W,E,R,T,Y,Q,W,E,R,T,Y,Q,W,E,R,T,Y,Q,W,E,R,T,Y,Q,W,E,R
T,Y,Q,W,E,R,T,Y,Q,W,E,R,T,Y,Q,W,E,R,T,Y,Q,W,E,R,T,Y,Q,W,E,R,T,Y,Q,W,E,R,T,Y,Q,W,E,R,T,Y,Q,W,E,R,T,Y,Q,W,E,R,T,Y,Q,W,E,R,T,Y,Q,W,E,R,T,Y,Q,W,E,R,T,Y,Q,W,E,R,T,Y,Q,W,E,R,T,Y,Q,W,E,R,T,Y,Q,W,E,R,T,Y,Q,W
Q,W,E,R,T,Y,Q,W,E,R,T,Y,Q,W,E,R,T,Y,Q,W,E,R,T,Y,Q,W,E,R,T,Y,Q,W,E,R,T,Y,Q,W,E,R,T,Y,Q,W,E,R,T,Y,Q,W,E,R,T,Y,Q,W,E,R,T,Y,Q,W,E,R,T,Y,Q,W,E,R,T,Y,Q,W,E,R,T,Y,Q,W,E,R,T,Y,Q,W,E,R,T,Y,Q,W,E,R,T,Y,Q,W,E,R
R,T,Y,Q,W,E,R,T,Y,Q,W,E,R,T,Y,Q,W,E,R,T,Y,Q,W,E,R,T,Y,Q,W,E,R,T,Y,Q,W,E,R,T,Y,Q,W,E,R,T,Y,Q,W,E,R,T,Y,Q,W,E,R,T,Y,Q,W,E,R,T,Y,Q,W,E,R,T,Y,Q,W,E,R,T,Y,Q,W,E,R,T,Y,Q,W,E,R,T,Y,Q,W,E,R,T,Y,Q,W,E,R,T,Y,Q
Q,W,E,R,T,Y,Q,W,E,R,T,Y,Q,W,E,R,T,Y,Q,W,E,R,T,Y,Q,W,E,R,T,Y,Q,W,E,R,T,Y,Q,W,E,R,T,Y,Q,W,E,R,T,Y,Q,W,E,R,T,Y,Q,W,E,R,T,Y,Q,W,E,R,T,Y,Q,W,E,R,T,Y,Q,W,E,R,T,Y,Q,W,E,R,T,Y,Q,W,E,R,T,Y,Q,W,E,R,T,Y,Q,W,E,R
R,T,Y,Q,W,E,R,T,Y,Q,W,E,R,T,Y,Q,W,E,R,T,Y,Q,W,E,R,T,Y,Q,W,E,R,T,Y,Q,W,E,R,T,Y,Q,W,E,R,T,Y,Q,W,E,R,T,Y,Q,W,E,R,T,Y,Q,W,E,R,T,Y,Q,W,E,R,T,Y,Q,W,E,R,T,Y,Q,W,E,R,T,Y,Q,W,E,R,T,Y,Q,W,E,R,T,Y,Q,W,E,R,T,Y,Q
Q,W,E,R,T,Y,Q,W,E,R,T,Y,Q,W,E,R,T,Y,Q,W,E,R,T,Y,Q,W,E,R,T,Y,Q,W,E,R,T,Y,Q,W,E,R,T,Y,Q,W,E,R,T,Y,Q,W,E,R,T,Y,Q,W,E,R,T,Y,Q,W,E,R,T,Y,Q,W,E,R,T,Y,Q,W,E,R,T,Y,Q,W,E,R,T,Y,Q,W,E,R,T,Y,Q,W,E,R,T,Y,Q,W,E,R
E,R,T,Y,Q,W,E,R,T,Y,Q,W,E,R,T,Y,Q,W,E,R,T,Y,Q,W,E,R,T,Y,Q,W,E,R,T,Y,Q,W,E,R,T,Y,Q,W,E,R,T,Y,Q,W,E,R,T,Y,Q,W,E,R,T,Y,Q,W,E,R,T,Y,Q,W,E,R,T,Y,Q,W,E,R,T,Y,Q,W,E,R,T,Y,Q,W,E,R,T,Y,Q,W,E,R,T,Y,Q,W,E,R,T,Y
Q,W,E,R,T,Y,Q,W,E,R,T,Y,Q,W,E,R,T,Y,Q,W,E,R,T,Y,Q,W,E,R,T,Y,Q,W,E,R,T,Y,Q,W,E,R,T,Y,Q,W,E,R,T,Y,Q,W,E,R,T,Y,Q,W,E,R,T,Y,Q,W,E,R,T,Y,Q,W,E,R,T,Y,Q,W,E,R,T,Y,Q,W,E,R,T,Y,Q,W,E,R,T,Y,Q,W,E,R,T,Y,Q,W,E,R
W,E,R,T,Y,Q,W,E,R,T,Y,Q,W,E,R,T,Y,Q,W,E,R,T,Y,Q,W,E,R,T,Y,Q,W,E,R,T,Y,Q,W,E,R,T,Y,Q,W,E,R,T,Y,Q,W,E,R,T,Y,Q,W,E,R,T,Y,Q,W,E,R,T,Y,Q,W,E,R,T,Y,Q,W,E,R,T,Y,Q,W,E,R,T,Y,Q,W,E,R,T,Y,Q,W,E,R,T,Y,Q,W,E,R,T
Q,W,E,R,T,Y,Q,W,E,R,T,Y,Q,W,E,R,T,Y,Q,W,E,R,T,Y,Q,W,E,R,T,Y,Q,W,E,R,T,Y,Q,W,E,R,T,Y,Q,W,E,R,T,Y,Q,W,E,R,T,Y,Q,W,E,R,T,Y,Q,W,E,R,T,Y,Q,W,E,R,T,Y,Q,W,E,R,T,Y,Q,W,E,R,T,Y,Q,W,E,R,T,Y,Q,W,E,R,T,Y,Q,W,E,R
E,R,T,Y,Q,W,E,R,T,Y,Q,W,E,R,T,Y,Q,W,E,R,T,Y,Q,W,E,R,T,Y,Q,W,E,R,T,Y,Q,W,E,R,T,Y,Q,W,E,R,T,Y,Q,W,E,R,T,Y,Q,W,E,R,T,Y,Q,W,E,R,T,Y,Q,W,E,R,T,Y,Q,W,E,R,T,Y,Q,W,E,R,T,Y,Q,W,E,R,T,Y,Q,W,E,R,T,Y,Q,W,E,R,T,Y
Q,W,E,R,T,Y,Q,W,E,R,T,Y,Q,W,E,R,T,Y,Q,W,E,R,T,Y,Q,W,E,R,T,Y,Q,W,E,R,T,Y,Q,W,E,R,T,Y,Q,W,E,R,T,Y,Q,W,E,R,T,Y,Q,W,E,R,T,Y,Q,W,E,R,T,Y,Q,W,E,R,T,Y,Q,W,E,R,T,Y,Q,W,E,R,T,Y,Q,W,E,R,T,Y,Q,W,E,R,T,Y,Q,W,E,R
E,R,T,Y,Q,W,E,R,T,Y,Q,W,E,R,T,Y,Q,W,E,R,T,Y,Q,W,E,R,T,Y,Q,W,E,R,T,Y,Q,W,E,R,T,Y,Q,W,E,R,T,Y,Q,W,E,R,T,Y,Q,W,E,R,T,Y,Q,W,E,R,T,Y,Q,W,E,R,T,Y,Q,W,E,R,T,Y,Q,W,E,R,T,Y,Q,W,E,R,T,Y,Q,W,E,R,T,Y,Q,W,E,R,T,Y
Q,W,E,R,T,Y,Q,W,E,R,T,Y,Q,W,E,R,T,Y,Q,W,E,R,T,Y,Q,W,E,R,T,Y,Q,W,E,R,T,Y,Q,W,E,R,T,Y,Q,W,E,R,T,Y,Q,W,E,R,T,Y,Q,W,E,R,T,Y,Q,W,E,R,T,Y,Q,W,E,R,T,Y,Q,W,E,R,T,Y,Q,W,E,R,T,Y,Q,W,E,R,T,Y,Q,W,E,R,T,Y,Q,W,E,R
W,E,R,T,Y,Q,W,E,R,T,Y,Q,W,E,R,T,Y,Q,W,E,R,T,Y,Q,W,E,R,T,Y,Q,W,E,R,T,Y,Q,W,E,R,T,Y,Q,W,E,R,T,Y,Q,W,E,R,T,Y,Q,W,E,R,T,Y,Q,W,E,R,T,Y,Q,W,E,R,T,Y,Q,W,E,R,T,Y,Q,W,E,R,T,Y,Q,W,E,R,T,Y,Q,W,E,R,T,Y,Q,W,E,R,T
Q,W,E,R,T,Y,Q,W,E,R,T,Y,Q,W,E,R,T,Y,Q,W,E,R,T,Y,Q,W,E,R,T,Y,Q,W,E,R,T,Y,Q,W,E,R,T,Y,Q,W,E,R,T,Y,Q,W,E,R,T,Y,Q,W,E,R,T,Y,Q,W,E,R,T,Y,Q,W,E,R,T,Y,Q,W,E,R,T,Y,Q,W,E,R,T,Y,Q,W,E,R,T,Y,Q,W,E,R,T,Y,Q,W,E,R
Q,W,E,R,T,Y,Q,W,E,R,T,Y,Q,W,E,R,T,Y,Q,W,E,R,T,Y,Q,W,E,R,T,Y,Q,W,E,R,T,Y,Q,W,E,R,T,Y,Q,W,E,R,T,Y,Q,W,E,R,T,Y,Q,W,E,R,T,Y,Q,W,E,R,T,Y,Q,W,E,R,T,Y,Q,W,E,R,T,Y,Q,W,E,R,T,Y,Q,W,E,R,T,Y,Q,W,E,R,T,Y,Q,W,E,R
Q,W,E,R,T,Y,Q,W,E,R,T,Y,Q,W,E,R,T,Y,Q,W,E,R,T,Y,Q,W,E,R,T,Y,Q,W,E,R,T,Y,Q,W,E,R,T,Y,Q,W,E,R,T,Y,Q,W,E,R,T,Y,Q,W,E,R,T,Y,Q,W,E,R,T,Y,Q,W,E,R,T,Y,Q,W,E,R,T,Y,Q,W,E,R,T,Y,Q,W,E,R,T,Y,Q,W,E,R,T,Y,Q,W,E,R
E,R,T,Y,Q,W,E,R,T,Y,Q,W,E,R,T,Y,Q,W,E,R,T,Y,Q,W,E,R,T,Y,Q,W,E,R,T,Y,Q,W,E,R,T,Y,Q,W,E,R,T,Y,Q,W,E,R,T,Y,Q,W,E,R,T,Y,Q,W,E,R,T,Y,Q,W,E,R,T,Y,Q,W,E,R,T,Y,Q,W,E,R,T,Y,Q,W,E,R,T,Y,Q,W,E,R,T,Y,Q,W,E,R,T,Y
Q,W,E,R,T,Y,Q,W,E,R,T,Y,Q,W,E,R,T,Y,Q,W,E,R,T,Y,Q,W,E,R,T,Y,Q,W,E,R,T,Y,Q,W,E,R,T,Y,Q,W,E,R,T,Y,Q,W,E,R,T,Y,Q,W,E,R,T,Y,Q,W,E,R,T,Y,Q,W,E,R,T,Y,Q,W,E,R,T,Y,Q,W,E,R,T,Y,Q,W,E,R,T,Y,Q,W,E,R,T,Y,Q,W,E,R
Y,Q,W,E,R,T,Y,Q,W,E,R,T,Y,Q,W,E,R,T,Y,Q,W,E,R,T,Y,Q,W,E,R,T,Y,Q,W,E,R,T,Y,Q,W,E,R,T,Y,Q,W,E,R,T,Y,Q,W,E,R,T,Y,Q,W,E,R,T,Y,Q,W,E,R,T,Y,Q,W,E,R,T,Y,Q,W,E,R,T,Y,Q,W,E,R,T,Y,Q,W,E,R,T,Y,Q,W,E,R,T,Y,Q,W,E
